config,seed,epoch,step,train_seconds,wall_seconds,train_loss,val_loss,train_acc,val_acc,grad_norm_mean
sgd_lr003,7,0,0,0.0,0.0029728999361395836,0.6922722458839417,0.6912763714790344,0.5111111402511597,0.5366666913032532,0.0
sgd_lr003,7,1,15,0.0068916999734938145,0.010279699927195907,0.6872256994247437,0.6866491436958313,0.54666668176651,0.5699999928474426,0.2441866127586196
sgd_lr003,7,2,30,0.011646900093182921,0.015569400042295456,0.6816198229789734,0.6825170516967773,0.6288889050483704,0.6200000047683716,0.29995758131670897
sgd_lr003,7,3,45,0.017754300264641643,0.022211699979379773,0.6775884628295898,0.6789941191673279,0.597777783870697,0.5633333325386047,0.3130407744793752
sgd_lr003,7,4,60,0.02264220011420548,0.027505500009283423,0.6747518181800842,0.676222562789917,0.6233333349227905,0.6100000143051147,0.2912722829937415
sgd_lr003,7,5,75,0.02821620018221438,0.03348760004155338,0.6710847020149231,0.6732974052429199,0.5333333611488342,0.5299999713897705,0.24661293466058928
sgd_lr003,7,6,90,0.033085000002756715,0.03880769992247224,0.668235719203949,0.67003333568573,0.8088889122009277,0.8133333325386047,0.32119782302481725
sgd_lr003,7,7,105,0.03719699988141656,0.043321700068190694,0.6640090346336365,0.666163980960846,0.6499999761581421,0.6066666841506958,0.21751916833261697
sgd_lr003,7,8,120,0.042088299756869674,0.048614699859172106,0.6602030396461487,0.6625818610191345,0.7077777981758118,0.6866666674613953,0.2610855020290616
sgd_lr003,7,9,135,0.04662379971705377,0.05359430005773902,0.6563119292259216,0.6596412658691406,0.648888885974884,0.6299999952316284,0.2798835398252286
sgd_lr003,7,10,150,0.05072439950890839,0.05806720000691712,0.6517269611358643,0.655457079410553,0.6000000238418579,0.5799999833106995,0.2588013595649129
sgd_lr003,7,11,165,0.055498999543488026,0.06329429987818003,0.6476719379425049,0.6521567702293396,0.5788888931274414,0.550000011920929,0.2964327197199337
sgd_lr003,7,12,180,0.05987499956972897,0.06805299990810454,0.6429290175437927,0.6476053595542908,0.6188889145851135,0.6000000238418579,0.29745155706224813
sgd_lr003,7,13,195,0.06399719952605665,0.07253549993038177,0.6382108330726624,0.6435405611991882,0.70333331823349,0.6866666674613953,0.3058671135373689
sgd_lr003,7,14,210,0.06796069955453277,0.07687760004773736,0.6329742670059204,0.6375876069068909,0.7955555319786072,0.7699999809265137,0.30173958209398244
sgd_lr003,7,15,225,0.07290959940291941,0.08221699995920062,0.6275528073310852,0.6330004334449768,0.7866666913032532,0.7599999904632568,0.28049851890479377
sgd_lr003,7,16,240,0.07680679927580059,0.08649490005336702,0.6210327744483948,0.6265448331832886,0.7988888621330261,0.7733333110809326,0.2806679074872066
sgd_lr003,7,17,255,0.08097429922781885,0.09103209991008043,0.6151246428489685,0.6203410029411316,0.8844444155693054,0.8733333349227905,0.3198719643366714
sgd_lr003,7,18,270,0.08672999916598201,0.09755830001085997,0.6081322431564331,0.6143290996551514,0.8399999737739563,0.8166666626930237,0.28131822255241545
sgd_lr003,7,19,285,0.09104319917969406,0.10226409998722374,0.6017740964889526,0.6094967722892761,0.7322221994400024,0.7099999785423279,0.3297741155244571
sgd_lr003,7,20,300,0.09508709912188351,0.10668209986761212,0.5958204865455627,0.6037390232086182,0.7222222089767456,0.6933333277702332,0.3493427873660109
sgd_lr003,7,21,315,0.10052339918911457,0.11258419998921454,0.5897619724273682,0.5985459685325623,0.6766666769981384,0.653333306312561,0.333986932519184
sgd_lr003,7,22,330,0.10584659921005368,0.11829019989818335,0.5808261632919312,0.5901574492454529,0.7833333611488342,0.7433333396911621,0.4295615922209015
sgd_lr003,7,23,345,0.10973219922743738,0.12253439985215664,0.5709819793701172,0.5795846581459045,0.8388888835906982,0.8133333325386047,0.2899566852934639
sgd_lr003,7,24,360,0.11471199919469655,0.12794289994053543,0.5621196031570435,0.5715895295143127,0.8411111235618591,0.8100000023841858,0.3174009033390848
sgd_lr003,7,25,375,0.1190294991247356,0.13264289987273514,0.5532207489013672,0.5620251893997192,0.8855555653572083,0.8533333539962769,0.39857740137310604
sgd_lr003,7,26,390,0.12307829922065139,0.13730750000104308,0.5448052883148193,0.5547184944152832,0.8911111354827881,0.8833333253860474,0.4255295044353746
sgd_lr003,7,27,405,0.12889579916372895,0.14357999991625547,0.5361469388008118,0.5479536652565002,0.804444432258606,0.7633333206176758,0.39622469298064417
sgd_lr003,7,28,420,0.13371199904941022,0.1488161999732256,0.5257794857025146,0.5372719764709473,0.8644444346427917,0.846666693687439,0.41804547600597525
sgd_lr003,7,29,435,0.13786609889939427,0.15338200004771352,0.514828622341156,0.5247552394866943,0.9244444370269775,0.9200000166893005,0.3695552569800583
sgd_lr003,7,30,450,0.14276409870944917,0.15865470003336668,0.5051780939102173,0.517282247543335,0.8888888955116272,0.8799999952316284,0.3826464813749317
sgd_lr003,7,31,465,0.14679459878243506,0.16305679990909994,0.4997551739215851,0.5127548575401306,0.8255555629730225,0.8066666722297668,0.46895771975035094
sgd_lr003,7,32,480,0.1508622986730188,0.16749170003458858,0.48540276288986206,0.4971279799938202,0.8822222352027893,0.8566666841506958,0.43845730593709725
sgd_lr003,7,33,495,0.1556943985633552,0.17274759989231825,0.47560814023017883,0.48680877685546875,0.8855555653572083,0.8666666746139526,0.4227684192354965
sgd_lr003,7,34,510,0.1597544983960688,0.17717629997059703,0.46310457587242126,0.47576531767845154,0.902222216129303,0.8899999856948853,0.40808735350832703
sgd_lr003,7,35,525,0.16380729828961194,0.18159010005183518,0.4521971642971039,0.4637864828109741,0.9144444465637207,0.8966666460037231,0.4085562562712176
sgd_lr003,7,36,540,0.16762219835072756,0.1857701998669654,0.4426981806755066,0.45613977313041687,0.9055555462837219,0.8899999856948853,0.4010336234362473
sgd_lr003,7,37,555,0.17407399835065007,0.1926432999316603,0.4337739646434784,0.4453032314777374,0.898888885974884,0.8866666555404663,0.4435876510940483
sgd_lr003,7,38,570,0.1794587983749807,0.19847669987939298,0.4238882064819336,0.43741270899772644,0.8966666460037231,0.8899999856948853,0.45136584378499933
sgd_lr003,7,39,585,0.1839017984457314,0.20358139998279512,0.41210636496543884,0.4248644709587097,0.9333333373069763,0.9233333468437195,0.45516406243539875
sgd_lr003,7,40,600,0.18900599842891097,0.20926399994641542,0.40137067437171936,0.41579926013946533,0.9177777767181396,0.9233333468437195,0.39909689790547276
sgd_lr003,7,41,615,0.19391059828922153,0.21462920005433261,0.3979983925819397,0.41007936000823975,0.9100000262260437,0.9233333468437195,0.5200688190621012
sgd_lr003,7,42,630,0.1988651982974261,0.21998439985327423,0.38058561086654663,0.39314979314804077,0.9322222471237183,0.9266666769981384,0.400640608566075
sgd_lr003,7,43,645,0.20329859829507768,0.22480279998853803,0.37412604689598083,0.3844383656978607,0.9233333468437195,0.9399999976158142,0.43056858653839136
sgd_lr003,7,44,660,0.2075011981651187,0.22936929995194077,0.363773912191391,0.37626704573631287,0.9266666769981384,0.9166666865348816,0.43700744812156195
sgd_lr003,7,45,675,0.21155869797803462,0.23378399992361665,0.35732293128967285,0.3678639531135559,0.9233333468437195,0.9233333468437195,0.4308558333119068
sgd_lr003,7,46,690,0.21823869785293937,0.24086289992555976,0.345028281211853,0.35747843980789185,0.9322222471237183,0.9333333373069763,0.4681304783221524
sgd_lr003,7,47,705,0.22235199785791337,0.2453681998886168,0.3390962481498718,0.3480497896671295,0.9222221970558167,0.9300000071525574,0.47338200528016033
sgd_lr003,7,48,720,0.22683049784973264,0.25023470004089177,0.33057159185409546,0.3417772650718689,0.9322222471237183,0.9333333373069763,0.5047783075923177
sgd_lr003,7,49,735,0.23255759780295193,0.256372399860993,0.3331129550933838,0.3413951098918915,0.9066666960716248,0.9133333563804626,0.5711505710228332
sgd_lr003,7,50,750,0.2366532979067415,0.2608518998604268,0.31538259983062744,0.32172977924346924,0.9333333373069763,0.9366666674613953,0.5198435970529411
sgd_lr003,7,51,765,0.24110729806125164,0.2658802999649197,0.3193357288837433,0.327170729637146,0.9100000262260437,0.9133333563804626,0.5672807819553236
sgd_lr003,7,52,780,0.24634279822930694,0.27152880001813173,0.299521803855896,0.3088715374469757,0.9255555272102356,0.9300000071525574,0.47861717620913863
sgd_lr003,7,53,795,0.25030959816649556,0.2758615000639111,0.29757511615753174,0.30177438259124756,0.9244444370269775,0.9300000071525574,0.49567596801736286
sgd_lr003,7,54,810,0.25430149817839265,0.2802093999926001,0.28659161925315857,0.2932952046394348,0.9311110973358154,0.9466666579246521,0.417503728785408
sgd_lr003,7,55,825,0.26034829835407436,0.28669609990902245,0.28625643253326416,0.2983900308609009,0.9255555272102356,0.9366666674613953,0.4476577785402944
sgd_lr003,7,56,840,0.2688079981599003,0.29596620006486773,0.28431493043899536,0.29371166229248047,0.9311110973358154,0.9200000166893005,0.4675746402280412
sgd_lr003,7,57,855,0.277617797954008,0.3055695998482406,0.28417277336120605,0.2904801368713379,0.9100000262260437,0.9100000262260437,0.5565771561096029
sgd_lr003,7,58,870,0.2829427979886532,0.311358799925074,0.2646205425262451,0.27171415090560913,0.9355555772781372,0.95333331823349,0.34702871694793563
sgd_lr003,7,59,885,0.2892197978217155,0.3184112999588251,0.27058589458465576,0.27300748229026794,0.9177777767181396,0.9233333468437195,0.5052213454987406
sgd_lr003,7,60,900,0.2937353977467865,0.3233608000446111,0.2605639100074768,0.2652347981929779,0.9355555772781372,0.9300000071525574,0.491274102622682
sgd_lr003,7,61,915,0.2979848978575319,0.32844990002922714,0.25598952174186707,0.2642326056957245,0.9222221970558167,0.9333333373069763,0.4965575050675051
sgd_lr003,7,62,930,0.30309619777835906,0.3340576000045985,0.2506795823574066,0.2602171301841736,0.9311110973358154,0.9399999976158142,0.5082181302187778
sgd_lr003,7,63,945,0.3074272978119552,0.3388217000756413,0.2669040858745575,0.2815849781036377,0.9111111164093018,0.903333306312561,0.575184257949994
sgd_lr003,7,64,960,0.3112124977633357,0.3429789999499917,0.24495747685432434,0.24502041935920715,0.9288889169692993,0.9333333373069763,0.5671409122057569
sgd_lr003,7,65,975,0.3155217976309359,0.34768730006180704,0.24005690217018127,0.2478124052286148,0.9266666769981384,0.9366666674613953,0.46510882807451076
sgd_lr003,7,66,990,0.31939809769392014,0.3519373000599444,0.23373031616210938,0.23722738027572632,0.9288889169692993,0.9366666674613953,0.4457293563616494
sgd_lr003,7,67,1005,0.32408829778432846,0.35704949987120926,0.23012953996658325,0.23430046439170837,0.9344444274902344,0.9433333277702332,0.4139947268182345
sgd_lr003,7,68,1020,0.32923069782555103,0.36263890005648136,0.2871409058570862,0.2995661497116089,0.8844444155693054,0.8733333349227905,0.6362663891765042
sgd_lr003,7,69,1035,0.333546397741884,0.3673300000373274,0.2302364557981491,0.2343449592590332,0.9355555772781372,0.9399999976158142,0.6145624951994377
sgd_lr003,7,70,1050,0.3384916977956891,0.3726810999214649,0.24568766355514526,0.2545051872730255,0.9177777767181396,0.9133333563804626,0.5711532309411251
sgd_lr003,7,71,1065,0.34467739798128605,0.37942259991541505,0.22618959844112396,0.2351909577846527,0.9366666674613953,0.9333333373069763,0.5690119837606674
sgd_lr003,7,72,1080,0.3498789977747947,0.3850211000535637,0.21670179069042206,0.21867525577545166,0.9344444274902344,0.95333331823349,0.4321596494549894
sgd_lr003,7,73,1095,0.35456209792755544,0.3903322999831289,0.2196837216615677,0.2243833690881729,0.9344444274902344,0.9366666674613953,0.4498435681499897
sgd_lr003,7,74,1110,0.3588764979504049,0.39502439997158945,0.2499190717935562,0.24609890580177307,0.8966666460037231,0.9066666960716248,0.6632454104913158
sgd_lr003,7,75,1125,0.36446209787391126,0.40102019999176264,0.21031935513019562,0.2110886573791504,0.9333333373069763,0.9466666579246521,0.507941619199142
sgd_lr003,7,76,1140,0.36997779784724116,0.40696849999949336,0.2097008228302002,0.21021334826946259,0.9388889074325562,0.949999988079071,0.4652845168353311
sgd_lr003,7,77,1155,0.37397129787132144,0.4113489000592381,0.2110981047153473,0.2135518193244934,0.9399999976158142,0.9366666674613953,0.485564629073665
sgd_lr003,7,78,1170,0.37839299789629877,0.41616429993882775,0.21308305859565735,0.21502585709095,0.9155555367469788,0.9300000071525574,0.5190048649932438
sgd_lr003,7,79,1185,0.3823154978454113,0.42103650001809,0.20808058977127075,0.2041529417037964,0.9255555272102356,0.9366666674613953,0.49450264037867997
sgd_lr003,7,80,1200,0.38811529777012765,0.4272608000319451,0.20777998864650726,0.21107633411884308,0.9377777576446533,0.9399999976158142,0.5696840038422275
sgd_lr003,7,81,1215,0.3935202977154404,0.43308170000091195,0.2091386467218399,0.2100546509027481,0.9244444370269775,0.9333333373069763,0.6211102270771078
sgd_lr003,7,82,1230,0.39831209764815867,0.43849430000409484,0.19886215031147003,0.20036914944648743,0.9377777576446533,0.949999988079071,0.44316318637049024
sgd_lr003,7,83,1245,0.40258019766770303,0.44315539998933673,0.1971902698278427,0.19789427518844604,0.9322222471237183,0.9433333277702332,0.47938692259188365
sgd_lr003,7,84,1260,0.4071127977222204,0.44808340002782643,0.20174695551395416,0.2064790427684784,0.9266666769981384,0.9300000071525574,0.5253088519797073
sgd_lr003,7,85,1275,0.4110837976913899,0.4524188998620957,0.23076815903186798,0.2286221832036972,0.898888885974884,0.8966666460037231,0.6164327893352652
sgd_lr003,7,86,1290,0.41706199781037867,0.4588043999392539,0.23645691573619843,0.21673741936683655,0.9077777862548828,0.9200000166893005,0.8102525548139288
sgd_lr003,7,87,1305,0.42103859782218933,0.4631791999563575,0.19640342891216278,0.20060165226459503,0.9277777671813965,0.9366666674613953,0.6264181157032422
sgd_lr003,7,88,1320,0.4250356978736818,0.4675362999550998,0.19329124689102173,0.1957251876592636,0.9388889074325562,0.9466666579246521,0.45997476559121664
sgd_lr003,7,89,1335,0.43133229785598814,0.47423020005226135,0.19048592448234558,0.19439879059791565,0.9333333373069763,0.9433333277702332,0.3754363965414805
sgd_lr003,7,90,1350,0.4356098978314549,0.4792303000576794,0.25881537795066833,0.2512372136116028,0.8833333253860474,0.8933333158493042,0.7193960902015225
sgd_lr003,7,91,1365,0.44013099768199027,0.4841640000231564,0.1883472353219986,0.18709932267665863,0.9388889074325562,0.949999988079071,0.5795116351102048
sgd_lr003,7,92,1380,0.4444881977979094,0.48890149989165366,0.21271835267543793,0.2107129544019699,0.9144444465637207,0.9100000262260437,0.625519118983483
sgd_lr003,7,93,1395,0.44851469760760665,0.49331579986028373,0.18990115821361542,0.1910427063703537,0.9344444274902344,0.9466666579246521,0.5896207552149452
sgd_lr003,7,94,1410,0.45277889748103917,0.4979590999428183,0.1853753626346588,0.18478046357631683,0.9344444274902344,0.949999988079071,0.401286005082014
sgd_lr003,7,95,1425,0.4577782975975424,0.5033928998745978,0.19651851058006287,0.18987374007701874,0.9288889169692993,0.9433333277702332,0.5393273953654674
sgd_lr003,7,96,1440,0.46188269765116274,0.5078843999654055,0.20290644466876984,0.20764242112636566,0.9277777671813965,0.9366666674613953,0.5813454686364931
sgd_lr003,7,97,1455,0.46596979768946767,0.5125344998668879,0.18468385934829712,0.18794779479503632,0.9399999976158142,0.949999988079071,0.5414901203903318
sgd_lr003,7,98,1470,0.47168259765021503,0.5187734998762608,0.18465834856033325,0.18625378608703613,0.9366666674613953,0.9433333277702332,0.5310447585267307
sgd_lr003,7,99,1485,0.47712839767336845,0.5246343999169767,0.22720009088516235,0.24177324771881104,0.9111111164093018,0.9166666865348816,0.6513151408789645
sgd_lr003,7,100,1500,0.48188649769872427,0.529844299890101,0.18218320608139038,0.18535330891609192,0.9322222471237183,0.9433333277702332,0.6164112395096525
