epoch,train_loss,val_loss,train_acc,val_acc
0,0.6988152265548706,0.7051666378974915,0.5027777552604675,0.49166667461395264
1,0.6530389785766602,0.6510621309280396,0.4972222149372101,0.5083333253860474
2,0.6058818101882935,0.6031886339187622,0.4972222149372101,0.5083333253860474
3,0.5427700281143188,0.543036699295044,0.699999988079071,0.7083333134651184
4,0.47276073694229126,0.4753050208091736,0.9444444179534912,0.925000011920929
5,0.39814937114715576,0.40122002363204956,0.9861111044883728,1.0
6,0.31968361139297485,0.3221740424633026,0.9944444298744202,1.0
7,0.2430558055639267,0.2438395768404007,0.9972222447395325,1.0
8,0.17501510679721832,0.17415593564510345,0.9972222447395325,1.0
9,0.11968836188316345,0.11812140047550201,0.9972222447395325,1.0
10,0.07918611168861389,0.07696907967329025,0.9972222447395325,1.0
11,0.0528242327272892,0.050196100026369095,0.9972222447395325,1.0
12,0.03585195913910866,0.03343021497130394,0.9972222447395325,1.0
13,0.024581890553236008,0.022588346153497696,0.9972222447395325,1.0
14,0.017377952113747597,0.015614030882716179,0.9972222447395325,1.0
15,0.012727336958050728,0.011161448433995247,0.9972222447395325,1.0
16,0.009464448317885399,0.00826925691217184,0.9972222447395325,1.0
17,0.0071421158500015736,0.00650990242138505,1.0,1.0
18,0.005628090351819992,0.005515654105693102,1.0,1.0
19,0.004572554957121611,0.004776195157319307,1.0,1.0
20,0.0036039440892636776,0.0040046414360404015,1.0,1.0
21,0.0027766951825469732,0.003277152543887496,1.0,1.0
22,0.0022014332935214043,0.002698756754398346,1.0,1.0
23,0.0018487571505829692,0.0022460969630628824,1.0,1.0
24,0.0015607649693265557,0.0019127249252051115,1.0,1.0
25,0.001301914919167757,0.0016711625503376126,1.0,1.0
26,0.0011130515486001968,0.0015112070832401514,1.0,1.0
27,0.0009868181077763438,0.001403066678903997,1.0,1.0
28,0.0008801796357147396,0.0013089986750856042,1.0,1.0
29,0.0007581108948215842,0.0012091933749616146,1.0,1.0
30,0.000652391230687499,0.0011166628682985902,1.0,1.0
31,0.0005938398535363376,0.0010437763994559646,1.0,1.0
32,0.0005551298381760716,0.0009803080465644598,1.0,1.0
33,0.0005117817199788988,0.0009244884131476283,1.0,1.0
34,0.00046731423935852945,0.0008828062564134598,1.0,1.0
35,0.0004353022377472371,0.0008462436380796134,1.0,1.0
36,0.0004194692592136562,0.0008039056556299329,1.0,1.0
37,0.00040440450538881123,0.0007462225621566176,1.0,1.0
38,0.0003799431724473834,0.0006762075936421752,1.0,1.0
39,0.0003548866370692849,0.0006053829565644264,1.0,1.0
40,0.00033936803811229765,0.000543277186807245,1.0,1.0
41,0.00033073234953917563,0.0004936424666084349,1.0,1.0
42,0.0003203009837307036,0.00045599896111525595,1.0,1.0
43,0.00030598865123465657,0.00042837453656829894,1.0,1.0
44,0.00029319035820662975,0.0004091194714419544,1.0,1.0
45,0.0002858030784409493,0.0003960578760597855,1.0,1.0
46,0.00028113042935729027,0.00038625308661721647,1.0,1.0
47,0.00027428349130786955,0.0003778152458835393,1.0,1.0
48,0.0002650064416229725,0.0003705258131958544,1.0,1.0
49,0.0002570410433690995,0.0003655821201391518,1.0,1.0
50,0.0002521609130781144,0.00036446889862418175,1.0,1.0
51,0.00024822886916808784,0.00036814514896832407,1.0,1.0
52,0.00024275820760522038,0.00037707333103753626,1.0,1.0
53,0.0002362293453188613,0.0003912367974407971,1.0,1.0
54,0.0002309149131178856,0.00040995317976921797,1.0,1.0
55,0.00022754239034838974,0.0004314795951358974,1.0,1.0
56,0.00022449696552939713,0.0004533541214186698,1.0,1.0
57,0.00022037547023501247,0.00047355200513266027,1.0,1.0
58,0.00021605339134112,0.0004915930912829936,1.0,1.0
59,0.00021253521845210344,0.0005092938663437963,1.0,1.0
60,0.00021015686797909439,0.0005273734568618238,1.0,1.0
61,0.0002075450320262462,0.0005470294854603708,1.0,1.0
62,0.0002041800762526691,0.000568442337680608,1.0,1.0
63,0.00020083197159692645,0.0005904639838263392,1.0,1.0
64,0.00019821060413960367,0.0006106783403083682,1.0,1.0
65,0.00019605184206739068,0.0006262201932258904,1.0,1.0
66,0.0001933379244292155,0.0006362415151670575,1.0,1.0
67,0.00019039366452489048,0.000639939506072551,1.0,1.0
68,0.0001877676259027794,0.0006396676180884242,1.0,1.0
69,0.00018560769967734814,0.0006386208697222173,1.0,1.0
70,0.00018339550297241658,0.0006393824587576091,1.0,1.0
71,0.00018083506438415498,0.000643061357550323,1.0,1.0
72,0.00017825244867708534,0.0006490893429145217,1.0,1.0
73,0.00017597497208043933,0.0006556004518643022,1.0,1.0
74,0.00017379183555021882,0.0006603073561564088,1.0,1.0
75,0.00017136165115516633,0.0006618551560677588,1.0,1.0
76,0.00016877779853530228,0.0006608585244975984,1.0,1.0
77,0.00016634471830911934,0.0006593331345357001,1.0,1.0
78,0.00016430245887022465,0.0006596288294531405,1.0,1.0
79,0.00016160558152478188,0.0006643851520493627,1.0,1.0
80,0.0001590393512742594,0.0006717447540722787,1.0,1.0
81,0.00015654492017347366,0.0006794463261030614,1.0,1.0
82,0.00015414514928124845,0.0006842929287813604,1.0,1.0
83,0.00015165236254688352,0.0006836962420493364,1.0,1.0
84,0.00014904642011970282,0.000677056610584259,1.0,1.0
85,0.00014650078082922846,0.0006665863911621273,1.0,1.0
86,0.00014401235966943204,0.0006548090022988617,1.0,1.0
87,0.0001414665166521445,0.0006450523505918682,1.0,1.0
88,0.0001388402160955593,0.0006372438510879874,1.0,1.0
89,0.00013625538849737495,0.0006298230146057904,1.0,1.0
90,0.00013379969459492713,0.0006206015241332352,1.0,1.0
91,0.00013116933405399323,0.0006104629719629884,1.0,1.0
92,0.00012857398542109877,0.0005994201055727899,1.0,1.0
93,0.00012601082562468946,0.0005894395872019231,1.0,1.0
94,0.00012346920266281813,0.000582791049964726,1.0,1.0
95,0.000120886332297232,0.0005875869537703693,1.0,1.0
96,0.0001182759806397371,0.0006023522582836449,1.0,1.0
97,0.00011573839583434165,0.0006156243034638464,1.0,1.0
98,0.00011318208271404728,0.0006239794893190265,1.0,1.0
99,0.00011061492114095017,0.0006262116366997361,1.0,1.0
100,0.0001080968722817488,0.0006333562778308988,1.0,1.0
101,0.00010560080409049988,0.0006464844918809831,1.0,1.0
102,0.0001031075298669748,0.0006539625464938581,1.0,1.0
103,0.00010062853834824637,0.0006543797207996249,1.0,1.0
104,9.818583203013986e-05,0.0006581727066077292,1.0,1.0
105,9.585970838088542e-05,0.0006629677955061197,1.0,1.0
106,9.339145617559552e-05,0.0006681963568553329,1.0,1.0
107,9.103601769311354e-05,0.0006723786937072873,1.0,1.0
108,8.872873877407983e-05,0.0006763408309780061,1.0,1.0
109,8.643759792903438e-05,0.0006665997207164764,1.0,1.0
110,8.417473145527765e-05,0.0006596139282919466,1.0,1.0
111,8.193651592591777e-05,0.000664575316477567,1.0,1.0
112,7.974998152349144e-05,0.0006673176540061831,1.0,1.0
113,7.759062282275409e-05,0.0006655438919551671,1.0,1.0
114,7.546444976469502e-05,0.0006593743455596268,1.0,1.0
115,7.339007424889132e-05,0.0006509592058137059,1.0,1.0
116,7.13551344233565e-05,0.0006536336150020361,1.0,1.0
117,6.937569560250267e-05,0.0006551340338774025,1.0,1.0
118,6.740763637935743e-05,0.0006381812854669988,1.0,1.0
119,6.557948654517531e-05,0.0006307572475634515,1.0,1.0
120,6.366114394040778e-05,0.0006319861859083176,1.0,1.0
121,6.185950769577175e-05,0.0006396261742338538,1.0,1.0
122,6.010437573422678e-05,0.0006422322476282716,1.0,1.0
123,5.8401128626428545e-05,0.000641089107375592,1.0,1.0
124,5.674027852364816e-05,0.0006469109212048352,1.0,1.0
125,5.510409391717985e-05,0.0006327260052785277,1.0,1.0
126,5.35428334842436e-05,0.0006163170328363776,1.0,1.0
127,5.199838778935373e-05,0.0006081692990846932,1.0,1.0
128,5.051546759204939e-05,0.0005951866623945534,1.0,1.0
129,4.907468246528879e-05,0.0005875983042642474,1.0,1.0
130,4.768332655658014e-05,0.0005851580062881112,1.0,1.0
131,4.632479613064788e-05,0.0005742752109654248,1.0,1.0
132,4.5014781790087e-05,0.0005729383556172252,1.0,1.0
133,4.373365663923323e-05,0.0005810678121633828,1.0,1.0
134,4.253923543728888e-05,0.0005852441536262631,1.0,1.0
135,4.1344206692883745e-05,0.0005677423323504627,1.0,1.0
136,4.0198079659603536e-05,0.000565681082662195,1.0,1.0
137,3.908547660103068e-05,0.0005779772764071822,1.0,1.0
138,3.80327292077709e-05,0.0005829595611430705,1.0,1.0
139,3.6979850847274065e-05,0.0005680540925823152,1.0,1.0
140,3.600618947530165e-05,0.0005510620540007949,1.0,1.0
141,3.502728577586822e-05,0.0005516167730093002,1.0,1.0
142,3.408251723158173e-05,0.0005660682800225914,1.0,1.0
143,3.3189022360602394e-05,0.0005709735560230911,1.0,1.0
144,3.2296942663379014e-05,0.0005655183340422809,1.0,1.0
145,3.1471045076614246e-05,0.0005529075860977173,1.0,1.0
146,3.065598866669461e-05,0.000555258768144995,1.0,1.0
147,2.986115032399539e-05,0.0005720782792195678,1.0,1.0
148,2.912930904130917e-05,0.0005831711459904909,1.0,1.0
149,2.8382966775097884e-05,0.0005733251455239952,1.0,1.0
150,2.7671763746184297e-05,0.0005455337231978774,1.0,1.0
151,2.6988711397279985e-05,0.000525211391504854,1.0,1.0
152,2.633035728649702e-05,0.0005182817694731057,1.0,1.0
153,2.5679535610834137e-05,0.0005226183566264808,1.0,1.0
154,2.507094177417457e-05,0.000529280339833349,1.0,1.0
155,2.4473140001646243e-05,0.0005350746214389801,1.0,1.0
156,2.3886461349320598e-05,0.0005403489340096712,1.0,1.0
157,2.332980693608988e-05,0.0005484204739332199,1.0,1.0
158,2.2791969968238845e-05,0.0005602354649454355,1.0,1.0
159,2.2269967303145677e-05,0.0005668941885232925,1.0,1.0
160,2.1768071746919304e-05,0.0005679475725628436,1.0,1.0
161,2.1280669898260385e-05,0.0005694568390026689,1.0,1.0
162,2.083646904793568e-05,0.0005689035751856863,1.0,1.0
163,2.0350940758362412e-05,0.0005596296396106482,1.0,1.0
164,1.9918876205338165e-05,0.0005461468826979399,1.0,1.0
165,1.9497065295581706e-05,0.0005384641117416322,1.0,1.0
166,1.9083534425590187e-05,0.0005361474468372762,1.0,1.0
167,1.8685848772292957e-05,0.0005375022883526981,1.0,1.0
168,1.8300659576198086e-05,0.0005374688189476728,1.0,1.0
169,1.7925354768522084e-05,0.0005429176380857825,1.0,1.0
170,1.7561584172653966e-05,0.000547136995010078,1.0,1.0
171,1.720603722787928e-05,0.0005507546593435109,1.0,1.0
172,1.6864363715285435e-05,0.0005607498460449278,1.0,1.0
173,1.653557592362631e-05,0.0005644045304507017,1.0,1.0
174,1.6211397451115772e-05,0.00056230160407722,1.0,1.0
175,1.5893818272161298e-05,0.0005548539920710027,1.0,1.0
176,1.5593421267112717e-05,0.0005424314294941723,1.0,1.0
177,1.5301600797101855e-05,0.0005380941438488662,1.0,1.0
178,1.5010762581368908e-05,0.0005402534734457731,1.0,1.0
179,1.4733458556293044e-05,0.0005418445216491818,1.0,1.0
180,1.4460762031376362e-05,0.0005428463919088244,1.0,1.0
181,1.4198960343492217e-05,0.0005440413951873779,1.0,1.0
182,1.395862545905402e-05,0.0005464410642161965,1.0,1.0
183,1.370011432300089e-05,0.0005508565227501094,1.0,1.0
184,1.3461109119816683e-05,0.0005505224107764661,1.0,1.0
185,1.3224102985986974e-05,0.0005511781782843173,1.0,1.0
186,1.2996345503779594e-05,0.0005465204594656825,1.0,1.0
187,1.2775848517776467e-05,0.0005480927065946162,1.0,1.0
188,1.2565916222229134e-05,0.0005487606395035982,1.0,1.0
189,1.2352995327091776e-05,0.0005481418920680881,1.0,1.0
190,1.2147665984230116e-05,0.0005464785499498248,1.0,1.0
191,1.1945632650167681e-05,0.0005498391692526639,1.0,1.0
192,1.1755510968214367e-05,0.0005587639752775431,1.0,1.0
193,1.1567035471671261e-05,0.0005608163774013519,1.0,1.0
194,1.1380871910660062e-05,0.0005567256594076753,1.0,1.0
195,1.1198010724911e-05,0.0005472394987009466,1.0,1.0
196,1.102176793210674e-05,0.000544590235222131,1.0,1.0
197,1.085014628188219e-05,0.0005425693234428763,1.0,1.0
198,1.0682487300073262e-05,0.0005449416348710656,1.0,1.0
199,1.0519121133256704e-05,0.0005461327964439988,1.0,1.0
200,1.0359712177887559e-05,0.0005393556784838438,1.0,1.0
201,1.0200632459600456e-05,0.00053774582920596,1.0,1.0
202,1.005015383270802e-05,0.0005411051097325981,1.0,1.0
203,9.90298212855123e-06,0.0005447773728519678,1.0,1.0
204,9.763738489709795e-06,0.0005419031949713826,1.0,1.0
205,9.617217983759474e-06,0.0005400821100920439,1.0,1.0
206,9.479296750214417e-06,0.0005396556225605309,1.0,1.0
207,9.344354111817665e-06,0.0005405869451351464,1.0,1.0
208,9.219003914040513e-06,0.0005466706352308393,1.0,1.0
209,9.089681952900719e-06,0.0005455840146169066,1.0,1.0
210,8.959693332144525e-06,0.0005416208296082914,1.0,1.0
211,8.83863049239153e-06,0.0005413215840235353,1.0,1.0
212,8.715580406715162e-06,0.0005401824018917978,1.0,1.0
213,8.60013642522972e-06,0.000538341817446053,1.0,1.0
214,8.484026693622582e-06,0.0005404862458817661,1.0,1.0
215,8.371883268409874e-06,0.0005361328367143869,1.0,1.0
216,8.260735739895608e-06,0.0005368118872866035,1.0,1.0
217,8.152897862601094e-06,0.0005380521179176867,1.0,1.0
218,8.046709808695596e-06,0.0005331933498382568,1.0,1.0
219,7.942506272229366e-06,0.0005328721017576754,1.0,1.0
220,7.840616490284447e-06,0.0005323166842572391,1.0,1.0
221,7.74070849729469e-06,0.0005312395514920354,1.0,1.0
222,7.642122909601312e-06,0.0005335903260856867,1.0,1.0
223,7.550811005785363e-06,0.0005350165884010494,1.0,1.0
224,7.453873877238948e-06,0.0005296383751556277,1.0,1.0
225,7.363552413153229e-06,0.0005289159598760307,1.0,1.0
226,7.271909453265835e-06,0.0005328620900399983,1.0,1.0
227,7.185566119005671e-06,0.0005410202429629862,1.0,1.0
228,7.101536539266817e-06,0.0005422959220595658,1.0,1.0
229,7.0138594310265034e-06,0.0005367283592931926,1.0,1.0
230,6.929159098945092e-06,0.0005249401438049972,1.0,1.0
231,6.847435997769935e-06,0.0005138061824254692,1.0,1.0
232,6.767697414034046e-06,0.0005068624159321189,1.0,1.0
233,6.688621397188399e-06,0.0005037548253312707,1.0,1.0
234,6.61086778563913e-06,0.0005038335220888257,1.0,1.0
235,6.534768544952385e-06,0.000506664568092674,1.0,1.0
236,6.460321401391411e-06,0.0005084500880911946,1.0,1.0
237,6.387196663126815e-06,0.0005093011423014104,1.0,1.0
238,6.320356078504119e-06,0.0005094715161249042,1.0,1.0
239,6.28660200163722e-06,0.0005335341556929052,1.0,1.0
240,6.2730032368563116e-06,0.0005424148985184729,1.0,1.0
